{
  "X_mean": [
    8002.239629940594,
    -0.24413780120668316,
    22.183706922029703,
    -10801.187539009901,
    237311.20724150495,
    7739.9367803564355,
    8064.9556099801985,
    -5.901449977761448e-14,
    0.032771523050742574,
    -4.720982938709826e-09,
    -0.0085759765625,
    1.1803195028021785e-09,
    0.021874238087871287,
    -5.901449977761448e-14,
    0.0053695220645111385
  ],
  "X_std": [
    999.6638987016725,
    1000.2465105783423,
    1000.8433279194045,
    295060.6238301015,
    294770.8479636278,
    295028.05789017834,
    995.5508836758352,
    0.7101291838862233,
    0.703308975322841,
    0.7052049995807774,
    0.7089517000080379,
    0.700741343594139,
    0.7130795747396836,
    0.7003270565091463,
    0.7138019024637744
  ],
  "y_mean": [
    -5176.526229544555,
    7678.128589306931,
    207.77906712871288
  ],
  "y_std": [
    12079.63088174057,
    11744.226696335956,
    10434.018274956803
  ]
}