{
  "X_mean": [
    8000.625948053032,
    -0.07523057728637768,
    20.88995283549859,
    -11164.167164133092,
    236890.41770308997,
    7708.2750649828695,
    8.405608876183384e-17
  ],
  "X_std": [
    526.7390718905797,
    526.7844911737502,
    527.657711480258,
    294983.9309494627,
    294871.08676587086,
    294893.57893372024,
    1.7407765595567803
  ],
  "y_mean": [
    1084.9801288485023,
    20712.983108177836,
    583.9377582770425
  ],
  "y_std": [
    31242.39491598001,
    31648.446173424672,
    26927.612781354404
  ]
}